X,Y,rowid,device_id,Location,ReportTime,AvgSpeed,Volume,Occupancy,Latitude,Longitude
-76.2913169999999,38.975914,1,000009dc00d200960063d330c4235c0a,"US 50 West, at Cox Neck Rd, QA14.13 (L)",2025/05/11 04:10:00+00,65,10,1,38.975914,-76.291317
-76.777616,39.11427,2,00010511002000140066d330c4235c0a,MD 295 at MD 32,2025/05/11 04:10:00+00,55,7,3,39.11427,-76.777616
-76.777616,39.11427,3,00010511002000140066d330c4235c0a,MD 295 at MD 32,2025/05/11 04:10:00+00,60,50,11,39.11427,-76.777616
-76.777616,39.11427,4,00010511002000140066d330c4235c0a,MD 295 at MD 32,2025/05/11 04:10:00+00,70,23,5,39.11427,-76.777616
-76.777616,39.11427,5,00010511002000140066d330c4235c0a,MD 295 at MD 32,2025/05/11 04:10:00+00,50,1,0,39.11427,-76.777616
-77.310601,39.264059,6,050005b700140096003bc7482f1f5daa,I-270 NB @ MSP Truck Weigh Station,2025/05/11 04:08:27+00,70,96,3,39.264059,-77.310601
-76.008542,39.046524,7,050005fa009700bf0060d330c4235c0a,US 301 South at MD 305,2025/05/11 04:10:00+00,70,2,0,39.046524,-76.008542
-76.008542,39.046524,8,050005fa009700bf0060d330c4235c0a,US 301 South at MD 305,2025/05/11 04:10:00+00,70,0,0,39.046524,-76.008542
-76.008542,39.046524,9,050005fa009700bf0060d330c4235c0a,US 301 South at MD 305,2025/05/11 04:10:00+00,70,4,0,39.046524,-76.008542
-76.008542,39.046524,10,050005fa009700bf0060d330c4235c0a,US 301 South at MD 305,2025/05/11 04:10:00+00,70,0,0,39.046524,-76.008542
-76.5322,39.29335,11,0a0134c1003a000d0057fa30c4235c0a,"I-95 SOUTH PAST NORTH POINT BLVD, MM 59.0",2025/05/11 03:31:16+00,60,179,17,39.29335,-76.5322
-76.5322,39.29335,12,0a0134c1003a000d0057fa30c4235c0a,"I-95 SOUTH PAST NORTH POINT BLVD, MM 59.0",2025/05/11 03:31:16+00,60,79,24,39.29335,-76.5322
-76.6655939999999,39.482673,13,0b0009c200ed008b0051fa30c4235c0a,"I-83 South, past Ex. 20 Shawan Rd",2025/05/11 04:08:26+00,65,43,1,39.482673,-76.665594
-76.5235049999999,39.384129,14,0f0003ff00c400f4003d8b3033235daa,"I-695 EB @ Harford Rd, Ex 31",2025/05/11 04:08:16+00,65,132,1,39.384129,-76.523505
-76.415578,39.0200810000001,15,0f0107f0000a005a0064d330c4235c0a,"US 50 East, Prior to Exit 32, AA16.66 (L)",2025/05/11 04:10:00+00,60,5,1,39.020081,-76.415578
-76.5390599999999,39.3918200000001,16,0f011e2900f300070057fa30c4235c0a,I-695 OUTER LOOP PRIOR TO OLD HARFORD RD,2025/05/11 00:21:14+00,65,326,37,39.39182,-76.53906
-76.5390599999999,39.3918200000001,17,0f011e2900f300070057fa30c4235c0a,I-695 OUTER LOOP PRIOR TO OLD HARFORD RD,2025/05/11 00:21:14+00,60,295,23,39.39182,-76.53906
-75.89162,38.913801,18,100005b400da00ca0063d330c4235c0a,MD 404 West prior to MD 312,2025/05/11 04:10:00+00,65,1,0,38.913801,-75.89162
-75.89162,38.913801,19,100005b400da00ca0063d330c4235c0a,MD 404 West prior to MD 312,2025/05/11 04:10:00+00,70,4,0,38.913801,-75.89162
-75.4071029999999,38.385279,20,110007c300b100e30063d330c4235c0a,US 50 West past Friendship Rd (L),2025/05/11 04:10:00+00,55,2,0,38.385279,-75.407103
-76.963049,38.811339,21,1201246100b4000b0057fa30c4235c0a,I-95 INNER LOOP PRIOR TO ST BARNABAS RD,2025/05/11 04:07:27+00,65,102,1,38.811339,-76.963049
-76.963049,38.811339,22,1201246100b4000b0057fa30c4235c0a,I-95 INNER LOOP PRIOR TO ST BARNABAS RD,2025/05/11 04:07:27+00,70,0,0,38.811339,-76.963049
-76.852855,39.032655,23,1301073d0005001b005fd330c4235c0a,MD 295 AT POWDER MILL RD,2025/05/11 04:08:27+00,65,119,3,39.032655,-76.852855
-76.852855,39.032655,24,1301073d0005001b005fd330c4235c0a,MD 295 AT POWDER MILL RD,2025/05/11 04:08:27+00,60,83,2,39.032655,-76.852855
-76.2957499999999,38.976056,25,1901093000af007d0064d330c4235c0a,"MD 18 East, at Shopping Center Rd, QA14.37",2025/05/11 04:10:00+00,40,1,0,38.976056,-76.29575
-76.2957499999999,38.976056,26,1901093000af007d0064d330c4235c0a,"MD 18 East, at Shopping Center Rd, QA14.37",2025/05/11 04:10:00+00,40,1,0,38.976056,-76.29575
-77.1574909999999,38.9942980000001,27,1a0008a3000300ce003ac7482f1f5daa,I-495 NB @ MD 190,2025/05/11 04:10:00+00,70,0,0,38.994298,-77.157491
-77.1574909999999,38.9942980000001,28,1a0008a3000300ce003ac7482f1f5daa,I-495 NB @ MD 190,2025/05/11 04:10:00+00,65,31,3,38.994298,-77.157491
-77.1574909999999,38.9942980000001,29,1a0008a3000300ce003ac7482f1f5daa,I-495 NB @ MD 190,2025/05/11 04:10:00+00,70,6,2,38.994298,-77.157491
-77.1574909999999,38.9942980000001,30,1a0008a3000300ce003ac7482f1f5daa,I-495 NB @ MD 190,2025/05/11 04:10:00+00,70,7,2,38.994298,-77.157491
-77.1574909999999,38.9942980000001,31,1a0008a3000300ce003ac7482f1f5daa,I-495 NB @ MD 190,2025/05/11 04:10:00+00,70,32,3,38.994298,-77.157491
-77.1574909999999,38.9942980000001,32,1a0008a3000300ce003ac7482f1f5daa,I-495 NB @ MD 190,2025/05/11 04:10:00+00,60,3,1,38.994298,-77.157491
-76.9332699999999,38.9138400000001,33,1a002f83008300170057fa30c4235c0a,MD 295 SOUTH PRIOR TO EASTERN AVE NE DC,2025/05/11 04:07:26+00,55,263,45,38.91384,-76.93327
-76.9332699999999,38.9138400000001,34,1a002f83008300170057fa30c4235c0a,MD 295 SOUTH PRIOR TO EASTERN AVE NE DC,2025/05/11 04:07:26+00,55,160,55,38.91384,-76.93327
-76.9332699999999,38.9138400000001,35,1a002f83008300170057fa30c4235c0a,MD 295 SOUTH PRIOR TO EASTERN AVE NE DC,2025/05/11 04:07:26+00,40,38,0,38.91384,-76.93327
-77.172792,38.9809780000001,36,1b00059100af001f0067d330c4235c0a,I-495 EB (O/L) @ Persimmon Tree,2025/05/11 03:45:00+00,70,36,3,38.980978,-77.172792
-77.172792,38.9809780000001,37,1b00059100af001f0067d330c4235c0a,I-495 EB (O/L) @ Persimmon Tree,2025/05/11 03:45:00+00,70,77,8,38.980978,-77.172792
-76.6775699999999,39.2273300000001,38,1c012313000300150057fa30c4235c0a,"I-895 SOUTH PAST I-695, MM 2.8",2025/05/11 03:15:46+00,70,3,0,39.22733,-76.67757
-76.6775699999999,39.2273300000001,39,1c012313000300150057fa30c4235c0a,"I-895 SOUTH PAST I-695, MM 2.8",2025/05/11 03:15:46+00,65,7,0,39.22733,-76.67757
-76.75264,39.20529,40,1c0128060013000d0057fa30c4235c0a,I-95 SOUTH PRIOR TO MD 100,2025/05/11 04:08:33+00,70,123,1,39.20529,-76.75264
-76.75264,39.20529,41,1c0128060013000d0057fa30c4235c0a,I-95 SOUTH PRIOR TO MD 100,2025/05/11 04:08:33+00,60,126,2,39.20529,-76.75264
-76.973396,39.2295300000001,42,1d0105d2005c003c005ed330c4235c0a,MD 32 EAST/WEST AT LINDEN CHURCH RD,2025/05/11 04:08:16+00,70,11,0,39.22953,-76.973396
-76.973396,39.2295300000001,43,1d0105d2005c003c005ed330c4235c0a,MD 32 EAST/WEST AT LINDEN CHURCH RD,2025/05/11 04:08:16+00,70,6,0,39.22953,-76.973396
-75.670019,38.424587,44,1f00048b00e200fe0060d330c4235c0a,US 50 EAST PAST MD 347 (L),2025/05/11 04:10:00+00,70,2,0,38.424587,-75.670019
-76.770988,39.1927850000001,45,1f01217600af000b0057fa30c4235c0a,I-95 NORTH NORTH OF MEADOWRIDGE RD,2025/05/10 19:32:04+00,65,435,8,39.192785,-76.770988
-76.614753,39.2060900000001,46,210020f500dd00d3004d823033235daa,I-695 EB/WB at MD-2,2025/05/11 04:08:27+00,60,43,1,39.20609,-76.614753
-76.614753,39.2060900000001,47,210020f500dd00d3004d823033235daa,I-695 EB/WB at MD-2,2025/05/11 04:08:27+00,70,31,1,39.20609,-76.614753
-76.3265,38.9804310000001,48,22010552009a007d0064d330c4235c0a,"US 50 West, West of Exit 37, QA16.11",2025/05/11 04:10:00+00,60,9,0,38.980431,-76.3265
-76.5535199999999,39.2824200000001,49,2301222000ff00140057fa30c4235c0a,"I-895 SOUTH PRIOR TO O'DONNELL ST, MM 11.9",2025/05/10 20:54:35+00,70,161,4,39.28242,-76.55352
-76.5535199999999,39.2824200000001,50,2301222000ff00140057fa30c4235c0a,"I-895 SOUTH PRIOR TO O'DONNELL ST, MM 11.9",2025/05/10 20:54:35+00,65,156,4,39.28242,-76.55352
-77.144762,39.0127150000001,51,24000553008800a6003ac7482f1f5daa,I-495 EB @ Greentree Rd,2025/05/11 04:10:00+00,70,27,4,39.012715,-77.144762
-76.25391,38.9720300000001,52,270006b700dc00db0063d330c4235c0a,US 50 EAST PAST EXIT 41 MD 18 MAIN ST (EB),2025/05/11 04:10:00+00,70,14,2,38.97203,-76.25391
-76.25391,38.9720300000001,53,270006b700dc00db0063d330c4235c0a,US 50 EAST PAST EXIT 41 MD 18 MAIN ST (EB),2025/05/11 04:10:00+00,65,3,0,38.97203,-76.25391
-76.6454899999999,39.1518580000001,54,2c01051f007400f5003bc7482f1f5daa,I-97 @ MD 100,2025/05/11 04:08:27+00,65,75,1,39.151858,-76.64549
-76.6454899999999,39.1518580000001,55,2c01051f007400f5003bc7482f1f5daa,I-97 @ MD 100,2025/05/11 04:08:27+00,70,39,0,39.151858,-76.64549
-77.417972,39.397925,56,2e010553005c00c80062d330c4235c0a,I-70 West prior to New Design Rd,2025/05/11 04:10:00+00,65,3,1,39.397925,-77.417972
-77.417972,39.397925,57,2e010553005c00c80062d330c4235c0a,I-70 West prior to New Design Rd,2025/05/11 04:10:00+00,70,7,0,39.397925,-77.417972
-77.417972,39.397925,58,2e010553005c00c80062d330c4235c0a,I-70 West prior to New Design Rd,2025/05/11 04:10:00+00,60,9,1,39.397925,-77.417972
-77.417972,39.397925,59,2e010553005c00c80062d330c4235c0a,I-70 West prior to New Design Rd,2025/05/11 04:10:00+00,50,1,0,39.397925,-77.417972
-76.282394,38.9756750000001,60,30000a0800d500960063d330c4235c0a,"US 50 West, at Chester Station Ln, QA13.64 (L)",2025/05/11 04:10:00+00,70,9,1,38.975675,-76.282394
-76.62972,39.4174360000001,61,3001053900c300660052fa30c4235c0a,I-695 (O/L) AT CHARLES ST.,2025/05/11 04:08:28+00,65,134,2,39.417436,-76.62972
-76.62972,39.4174360000001,62,3001053900c300660052fa30c4235c0a,I-695 (O/L) AT CHARLES ST.,2025/05/11 04:08:28+00,65,138,1,39.417436,-76.62972
-77.78448,39.61602,63,310005ba002500980065d330c4235c0a,I-70 West at Ex 26 I-81,2025/05/09 07:47:00+00,50,1,2,39.61602,-77.78448
-77.78448,39.61602,64,310005ba002500980065d330c4235c0a,I-70 West at Ex 26 I-81,2025/05/09 07:47:00+00,70,5,2,39.61602,-77.78448
-77.78448,39.61602,65,310005ba002500980065d330c4235c0a,I-70 West at Ex 26 I-81,2025/05/09 07:47:00+00,70,6,2,39.61602,-77.78448
-75.66953,38.4248010000001,66,3400059d00e400fe0060d330c4235c0a,US 50 West prior to MD 347 (L),2025/05/11 04:10:00+00,65,3,0,38.424801,-75.66953
-77.030271,39.0162130000001,67,340105bf007a00440062d330c4235c0a,I-495 Outer Loop bet US 29 & MD 97,2025/05/11 04:10:00+00,70,42,4,39.016213,-77.030271
-77.030271,39.0162130000001,68,340105bf007a00440062d330c4235c0a,I-495 Outer Loop bet US 29 & MD 97,2025/05/11 04:10:00+00,70,58,6,39.016213,-77.030271
-76.839752,39.05668,69,35000497002e009c0059fa30c4235c0a,MD-295 SB at MD-197,2025/05/11 04:07:27+00,70,117,3,39.05668,-76.839752
-76.9418259999999,39.2077170000001,70,370104ee005b003c005ed330c4235c0a,MD 32 EAST/WEST AT CLARKSVILLE PIKE,2025/05/11 04:08:17+00,70,8,0,39.207717,-76.941826
-76.9418259999999,39.2077170000001,71,370104ee005b003c005ed330c4235c0a,MD 32 EAST/WEST AT CLARKSVILLE PIKE,2025/05/11 04:08:17+00,65,12,0,39.207717,-76.941826
-76.656404,39.233165,72,37011e4100f600140057fa30c4235c0a,"I-895 NORTH BETWEEN HAMMONDS FERRY RD AND MD 295, MM 4.1",2025/05/10 20:12:24+00,60,12,1,39.233165,-76.656404
-76.656404,39.233165,73,37011e4100f600140057fa30c4235c0a,"I-895 NORTH BETWEEN HAMMONDS FERRY RD AND MD 295, MM 4.1",2025/05/10 20:12:24+00,70,23,1,39.233165,-76.656404
-76.799325,39.1731080000001,74,38000b93001500e7003ac7482f1f5daa,I-95 SB South of MD 175,2025/05/11 03:21:56+00,65,239,4,39.173108,-76.799325
-75.569238,38.3335890000001,75,3b010829002600300064d330c4235c0a,US 13 South prior to MD 12 (L),2025/05/11 04:10:00+00,70,3,0,38.333589,-75.569238
-76.408675,39.0153500000001,76,3c00071d00cf00960063d330c4235c0a,"US 50 East, East of Oceanic Dr, AA17.20",2025/05/11 04:10:00+00,45,4,1,39.01535,-76.408675
-76.323447,38.9799530000001,77,3c010669009c007d0064d330c4235c0a,"MD 8 West On-ramp TO US 50 West, QA0.11",2025/05/11 04:10:00+00,50,1,0,38.979953,-76.323447
-76.43258,39.0244920000001,78,3d00052300cc00960063d330c4235c0a,"US 50 East, Between Exits 30/31, AA15.70",2025/05/11 04:10:00+00,65,3,0,39.024492,-76.43258
-76.4876189999999,39.0158940000001,79,3e01061800fc00710063d330c4235c0a,"US 50 East, Exit 27, AA12.50 (L)",2025/05/11 04:10:00+00,70,5,0,39.015894,-76.487619
-76.331716,38.981656,80,4000050f00f200890061d330c4235c0a,"US 50 West, West of N-27, QA 16.39",2025/05/11 04:10:00+00,55,7,1,38.981656,-76.331716
-77.021958,38.8026530000001,81,4000069300b7003d0063d330c4235c0a,I-295 South prior to I-95/495,2025/05/11 04:10:00+00,65,34,4,38.802653,-77.021958
-77.021958,38.8026530000001,82,4000069300b7003d0063d330c4235c0a,I-295 South prior to I-95/495,2025/05/11 04:10:00+00,70,24,1,38.802653,-77.021958
-76.770519,38.9449950000001,83,400006a400fc00fb003bc7482f1f5daa,US 50 East Prior to Church Rd,2025/05/11 04:10:00+00,70,9,1,38.944995,-76.770519
-76.770519,38.9449950000001,84,400006a400fc00fb003bc7482f1f5daa,US 50 East Prior to Church Rd,2025/05/11 04:10:00+00,70,2,0,38.944995,-76.770519
-76.770519,38.9449950000001,85,400006a400fc00fb003bc7482f1f5daa,US 50 East Prior to Church Rd,2025/05/11 04:10:00+00,70,0,0,38.944995,-76.770519
-76.770519,38.9449950000001,86,400006a400fc00fb003bc7482f1f5daa,US 50 East Prior to Church Rd,2025/05/11 04:10:00+00,70,9,0,38.944995,-76.770519
-76.687494,39.3960640000001,87,40010862000c002a003cc7482f1f5daa,I-695 @ Greenspring Ave,2025/05/11 04:10:00+00,55,3,1,39.396064,-76.687494
-76.687494,39.3960640000001,88,40010862000c002a003cc7482f1f5daa,I-695 @ Greenspring Ave,2025/05/11 04:10:00+00,70,36,3,39.396064,-76.687494
-76.845276,39.1444710000001,89,4100034000a300bc003bc7482f1f5daa,I-95 SB at MD Welcome Center,2025/05/11 04:08:26+00,65,23,0,39.144471,-76.845276
-76.63478,39.4184700000001,90,41011c6000f000070057fa30c4235c0a,I-695 INNER LOOP PRIOR TO CHARLES ST,2025/05/11 04:08:27+00,70,5,40,39.41847,-76.63478
-76.60032,39.24075,91,41013ce30047000d0057fa30c4235c0a,"I-895 NORTH PRIOR TO FRANKFURST AVE, MM 7.5",2025/05/10 22:11:15+00,70,148,4,39.24075,-76.60032
-76.60032,39.24075,92,41013ce30047000d0057fa30c4235c0a,"I-895 NORTH PRIOR TO FRANKFURST AVE, MM 7.5",2025/05/10 22:11:15+00,50,30,2,39.24075,-76.60032
-77.297968,39.24706,93,4300053400b000a30067d330c4235c0a,I-270 NB @ Comus Rd,2025/05/11 04:10:00+00,70,19,4,39.24706,-77.297968
-77.297968,39.24706,94,4300053400b000a30067d330c4235c0a,I-270 NB @ Comus Rd,2025/05/11 04:10:00+00,65,9,1,39.24706,-77.297968
-76.632706,39.1814830000001,95,43010ce1006b00360065d330c4235c0a,I-97 North of MD 648,2025/05/11 04:10:00+00,70,17,2,39.181483,-76.632706
-76.632706,39.1814830000001,96,43010ce1006b00360065d330c4235c0a,I-97 North of MD 648,2025/05/11 04:10:00+00,70,17,3,39.181483,-76.632706
-76.404461,39.0087720000001,97,44010546000a003c0063d330c4235c0a,"US 50 East at S-2, AA 17.71",2025/05/11 04:10:00+00,70,65535,65535,39.008772,-76.404461
-76.6681599999999,39.4071680000001,98,4501196d00ea00070057fa30c4235c0a,I-695 INNER LOOP AT FALLS RD,2025/05/11 04:08:27+00,65,107,2,39.407168,-76.66816
-76.6681599999999,39.4071680000001,99,4501196d00ea00070057fa30c4235c0a,I-695 INNER LOOP AT FALLS RD,2025/05/11 04:08:27+00,70,147,1,39.407168,-76.66816
-75.0983179999999,38.3343560000001,100,460008eb00e300c00060d330c4235c0a,US 50 East Prior to OC Drawbridge,2025/05/11 04:10:00+00,50,3,0,38.334356,-75.098318
-75.0983179999999,38.3343560000001,101,460008eb00e300c00060d330c4235c0a,US 50 East Prior to OC Drawbridge,2025/05/11 04:10:00+00,40,15,5,38.334356,-75.098318
-76.844667,39.4769220000001,102,47010852005f00da0064d330c4235c0a,MD 140 N. of I-795,2025/05/11 04:09:00+00,45,1,0,39.476922,-76.844667
-76.844667,39.4769220000001,103,47010852005f00da0064d330c4235c0a,MD 140 N. of I-795,2025/05/11 04:09:00+00,50,5,2,39.476922,-76.844667
-76.844667,39.4769220000001,104,47010852005f00da0064d330c4235c0a,MD 140 N. of I-795,2025/05/11 04:09:00+00,60,6,1,39.476922,-76.844667
-76.7142899999999,39.3903270000001,105,4801056f007a000c003e833033235daa,I-695 EB/WB at Stevenson Road,2025/05/11 04:08:17+00,65,124,2,39.390327,-76.71429
-76.7142899999999,39.3903270000001,106,4801056f007a000c003e833033235daa,I-695 EB/WB at Stevenson Road,2025/05/11 04:08:17+00,70,115,1,39.390327,-76.71429
-77.408084,39.3795890000001,107,48010a07001c00660065d330c4235c0a,I-270 @ MD 85,2025/05/11 04:10:00+00,70,7,2,39.379589,-77.408084
-77.408084,39.3795890000001,108,48010a07001c00660065d330c4235c0a,I-270 @ MD 85,2025/05/11 04:10:00+00,70,4,1,39.379589,-77.408084
-77.408084,39.3795890000001,109,48010a07001c00660065d330c4235c0a,I-270 @ MD 85,2025/05/11 04:10:00+00,70,13,5,39.379589,-77.408084
-77.408084,39.3795890000001,110,48010a07001c00660065d330c4235c0a,I-270 @ MD 85,2025/05/11 04:10:00+00,70,3,0,39.379589,-77.408084
-77.408084,39.3795890000001,111,48010a07001c00660065d330c4235c0a,I-270 @ MD 85,2025/05/11 04:10:00+00,65,1,0,39.379589,-77.408084
-76.738264,39.2119660000001,112,4900061300ff0093003ac7482f1f5daa,I-95 NB @ Montgomery Rd,2025/05/11 04:08:27+00,70,129,19,39.211966,-76.738264
-76.945909,39.08552,113,4a00048f009700540055fa30c4235c0a,US 29@ Briggs Chaney Rd.,2025/05/11 04:08:27+00,70,0,0,39.08552,-76.945909
-76.945909,39.08552,114,4a00048f009700540055fa30c4235c0a,US 29@ Briggs Chaney Rd.,2025/05/11 04:08:27+00,70,0,0,39.08552,-76.945909
-76.0488,38.9370670000001,115,4b000dbb004f00800064d330c4235c0a,"MD 404 West, Prior to US 50 Split, T4.03",2025/05/11 04:10:00+00,65,1,0,38.937067,-76.0488
-76.520295,39.37938,116,4c00085e008000af0067d330c4235c0a,"I-695 EB @ US 1, Ex 32",2025/05/11 04:10:00+00,70,25,3,39.37938,-76.520295
-76.936231,39.040192,117,5200031200d900c5003bc7482f1f5daa,I-95 NB between Cherry Hill & Md 212,2025/05/11 04:09:37+00,70,195,2,39.040192,-76.936231
-76.57946,39.24213,118,520131100036000d0057fa30c4235c0a,"I-895 NORTH PAST HARBOR TUNNEL TOLL BOOTH, MM 8.7",2025/05/11 04:07:26+00,60,110,8,39.24213,-76.57946
-76.57946,39.24213,119,520131100036000d0057fa30c4235c0a,"I-895 NORTH PAST HARBOR TUNNEL TOLL BOOTH, MM 8.7",2025/05/11 04:07:26+00,60,81,18,39.24213,-76.57946
-76.9196939999999,39.061114,120,5500060500150096003bc7482f1f5daa,I-95 NB @ Old Gunpowder Rd,2025/05/11 04:09:37+00,55,98,2,39.061114,-76.919694
-76.99914,39.01644,121,550023a600b3000b0057fa30c4235c0a,I-495 OUTER LOOP PRIOR TO UNIVERSITY BLVD E,2025/05/11 04:07:47+00,70,229,4,39.01644,-76.99914
-76.99914,39.01644,122,550023a600b3000b0057fa30c4235c0a,I-495 OUTER LOOP PRIOR TO UNIVERSITY BLVD E,2025/05/11 04:07:47+00,70,204,2,39.01644,-76.99914
-75.99533,38.927875,123,550108a2006f006b005afa30c4235c0a,MD-404 West at MM 45,2025/05/11 04:08:17+00,60,4,0,38.927875,-75.99533
-75.9995709999999,38.927735,124,57000460008400bf0060d330c4235c0a,MD 404 East at Kingsdale Farm Ln (L),2025/05/11 04:10:00+00,70,1,0,38.927735,-75.999571
-76.628667,39.1008630000001,125,570008f100c600fa003ac7482f1f5daa,I-97 SB approaching MD 32,2025/05/11 04:07:26+00,70,56,1,39.100863,-76.628667
-76.628667,39.1008630000001,126,570008f100c600fa003ac7482f1f5daa,I-97 SB approaching MD 32,2025/05/11 04:07:26+00,70,59,1,39.100863,-76.628667
-76.5762,38.9848000000001,127,5c010679005f00ca0064d330c4235c0a,"US 50 West, at I-97",2025/05/11 04:10:00+00,65,3,1,38.9848,-76.5762
-76.5762,38.9848000000001,128,5c010679005f00ca0064d330c4235c0a,"US 50 West, at I-97",2025/05/11 04:10:00+00,70,10,1,38.9848,-76.5762
-76.5762,38.9848000000001,129,5c010679005f00ca0064d330c4235c0a,"US 50 West, at I-97",2025/05/11 04:10:00+00,70,6,1,38.9848,-76.5762
-76.5762,38.9848000000001,130,5c010679005f00ca0064d330c4235c0a,"US 50 West, at I-97",2025/05/11 04:10:00+00,55,2,1,38.9848,-76.5762
-76.9370299999999,39.040329,131,5d01081b001000760064d330c4235c0a,"I-95 SB, N of Cherry Hill Rd (L)",2025/05/11 04:10:00+00,70,15,1,39.040329,-76.93703
-76.52314,39.3843450000001,132,6000044e00c500f4003d8b3033235daa,"I-695 WB @ Harford Rd, Ex 31",2025/05/11 04:08:16+00,55,101,2,39.384345,-76.52314
-76.6417739999999,39.1287340000001,133,610003c3000d00f0003ac7482f1f5daa,I-97 NB approaching MD 100,2025/05/11 04:08:17+00,70,65,1,39.128734,-76.641774
-76.6417739999999,39.1287340000001,134,610003c3000d00f0003ac7482f1f5daa,I-97 NB approaching MD 100,2025/05/11 04:08:17+00,70,56,1,39.128734,-76.641774
-75.294741,38.3806200000001,135,610009f800f000c00060d330c4235c0a,US 50 East past Hall Rd (L),2025/05/11 04:10:00+00,70,2,0,38.38062,-75.294741
-76.307803,38.9759250000001,136,6101087c00ac007d0064d330c4235c0a,"US 50 West, Prior to Exit 38A, QA15.04",2025/05/11 04:10:00+00,65,9,1,38.975925,-76.307803
-76.6163299999999,39.4126600000001,137,61012453000700150057fa30c4235c0a,I-695 INNER LOOP PRIOR TO YORK RD,2025/05/11 04:08:17+00,70,17,0,39.41266,-76.61633
-76.6163299999999,39.4126600000001,138,61012453000700150057fa30c4235c0a,I-695 INNER LOOP PRIOR TO YORK RD,2025/05/11 04:08:17+00,70,142,2,39.41266,-76.61633
-76.6163299999999,39.4126600000001,139,61012453000700150057fa30c4235c0a,I-695 INNER LOOP PRIOR TO YORK RD,2025/05/11 04:08:17+00,70,123,2,39.41266,-76.61633
-76.6163299999999,39.4126600000001,140,61012453000700150057fa30c4235c0a,I-695 INNER LOOP PRIOR TO YORK RD,2025/05/11 04:08:17+00,70,7,0,39.41266,-76.61633
-76.5193619999999,39.3793380000001,141,66000971008600af0067d330c4235c0a,"I-695 WB @ US 1, Ex 32",2025/05/11 04:10:00+00,70,30,3,39.379338,-76.519362
-76.175494,38.9740170000001,142,66010a3000fa007e0064d330c4235c0a,"US WB 50, Prior to Exiting 45B, QA7.53 (L)",2025/05/11 04:10:00+00,70,12,1,38.974017,-76.175494
-76.707139,38.955519,143,680007d10090004d0063d330c4235c0a,"US 50 East, near Exit 13, PG8.6 (L)",2025/05/11 04:10:00+00,70,6,0,38.955519,-76.707139
-77.3831249999999,39.339593,144,69010641003400390065d330c4235c0a,I-270 North past Park Mills Rd,2025/05/11 04:10:00+00,70,15,4,39.339593,-77.383125
-77.3831249999999,39.339593,145,69010641003400390065d330c4235c0a,I-270 North past Park Mills Rd,2025/05/11 04:10:00+00,65,16,3,39.339593,-77.383125
-77.285141,39.2313340000001,146,69ff05aa00940088003ac7482f1f5daa,I-270 SB @ MD 121,2025/05/11 04:08:27+00,65,73,1,39.231334,-77.285141
-76.615062,39.2666320000001,147,6a012d29003100150057fa30c4235c0a,"MD 2 SOUTH NORTH OF MCCOMAS ST, MM 53.1",2025/05/10 22:37:45+00,70,65535,65535,39.266632,-76.615062
-76.615062,39.2666320000001,148,6a012d29003100150057fa30c4235c0a,"MD 2 SOUTH NORTH OF MCCOMAS ST, MM 53.1",2025/05/10 22:37:45+00,70,65535,65535,39.266632,-76.615062
-77.4205269999999,39.3940700000001,149,6c010a0e0072002d0065d330c4235c0a,I-270 North prior to New Design Rd,2025/05/11 04:10:00+00,70,9,2,39.39407,-77.420527
-77.4205269999999,39.3940700000001,150,6c010a0e0072002d0065d330c4235c0a,I-270 North prior to New Design Rd,2025/05/11 04:10:00+00,70,10,2,39.39407,-77.420527
-76.9119899999999,39.01746,151,6d01207000fb00140057fa30c4235c0a,I-95 OUTER LOOP PRIOR TO RHODE ISLAND AVE,2025/05/10 20:28:13+00,60,578,66,39.01746,-76.91199
-76.9119899999999,39.01746,152,6d01207000fb00140057fa30c4235c0a,I-95 OUTER LOOP PRIOR TO RHODE ISLAND AVE,2025/05/10 20:28:13+00,30,480,74,39.01746,-76.91199
-76.153644,38.987675,153,6f010b3400fe007e0064d330c4235c0a,"US 301 South, at MD 456, QA26.65",2025/05/11 04:10:00+00,70,65535,65535,38.987675,-76.153644
-76.0471689999999,38.5919860000001,154,7000064300b800bf0060d330c4235c0a,US 50 West past Choptank Riv Br,2025/05/11 04:10:00+00,65,2,0,38.591986,-76.047169
-76.0471689999999,38.5919860000001,155,7000064300b800bf0060d330c4235c0a,US 50 West past Choptank Riv Br,2025/05/11 04:10:00+00,65,3,0,38.591986,-76.047169
-76.420867,39.0214280000001,156,7100065500cd00960063d330c4235c0a,"US 50 East, Exit 31, AA16.31",2025/05/11 04:10:00+00,65,5,1,39.021428,-76.420867
-76.830115,39.1588150000001,157,72010319005d006d003cc7302f235daa,I-95 SB @ MD 32,2025/05/11 04:08:25+00,70,3,0,39.158815,-76.830115
-76.824922,39.0768170000001,158,7300049500c500460058fa30c4235c0a,MD-295 at Brock Bridge Road,2025/05/11 04:08:16+00,70,119,3,39.076817,-76.824922
-76.824922,39.0768170000001,159,7300049500c500460058fa30c4235c0a,MD-295 at Brock Bridge Road,2025/05/11 04:08:16+00,70,198,6,39.076817,-76.824922
-76.746452,39.2078760000001,160,730004d00064009d003ac7482f1f5daa,I-95 SB between MD 100 & Montgomery Rd,2025/05/11 04:08:26+00,70,121,1,39.207876,-76.746452
-77.077278,39.0058560000001,161,75000696005700d00062d330c4235c0a,I-495 Outer Loop at Ex 33 MD 185,2025/05/11 04:09:00+00,60,12,5,39.005856,-77.077278
-77.077278,39.0058560000001,162,75000696005700d00062d330c4235c0a,I-495 Outer Loop at Ex 33 MD 185,2025/05/11 04:09:00+00,65,42,4,39.005856,-77.077278
-77.077278,39.0058560000001,163,75000696005700d00062d330c4235c0a,I-495 Outer Loop at Ex 33 MD 185,2025/05/11 04:09:00+00,70,36,3,39.005856,-77.077278
-77.077278,39.0058560000001,164,75000696005700d00062d330c4235c0a,I-495 Outer Loop at Ex 33 MD 185,2025/05/11 04:09:00+00,45,4,2,39.005856,-77.077278
-76.588949,38.9840980000001,165,760004a0004b00e8003bc7482f1f5daa,US 50 East prior to Ex 21 I-97,2025/05/11 04:08:28+00,65,42,0,38.984098,-76.588949
-76.588949,38.9840980000001,166,760004a0004b00e8003bc7482f1f5daa,US 50 East prior to Ex 21 I-97,2025/05/11 04:08:28+00,70,45,0,38.984098,-76.588949
-77.112112,39.0273980000001,167,760007e200cb000d0065d330c4235c0a,I-270 SB Between Grosvenor Lane and MD 187,2025/05/11 04:10:00+00,70,19,2,39.027398,-77.112112
-77.112112,39.0273980000001,168,760007e200cb000d0065d330c4235c0a,I-270 SB Between Grosvenor Lane and MD 187,2025/05/11 04:10:00+00,65,15,2,39.027398,-77.112112
-76.929046,39.112041,169,770006c00007004f004c823033235daa,US 29 SB @ MD 198,2025/05/11 04:10:00+00,65,8,1,39.112041,-76.929046
-76.666725,39.5495070000001,170,790005eb00e800ed0064d330c4235c0a,I-83 NB At Cold Bottom Rd.,2025/05/11 04:10:00+00,70,1,0,39.549507,-76.666725
-76.666725,39.5495070000001,171,790005eb00e800ed0064d330c4235c0a,I-83 NB At Cold Bottom Rd.,2025/05/11 04:10:00+00,70,2,0,39.549507,-76.666725
-76.8902399999999,38.99733,172,7b0007ff0099000e0057fa30c4235c0a,I-95 OUTER LOOP PAST GREENBELT RD,2025/05/11 04:07:26+00,70,180,19,38.99733,-76.89024
-76.8902399999999,38.99733,173,7b0007ff0099000e0057fa30c4235c0a,I-95 OUTER LOOP PAST GREENBELT RD,2025/05/11 04:07:26+00,60,212,12,38.99733,-76.89024
-76.4905249999999,39.0145150000001,174,7d0009da008a005b0065d330c4235c0a,"US 50 West, at Ex 27 MD 2 (Gov Ritchie Hwy)",2025/05/11 04:10:00+00,65,10,1,39.014515,-76.490525
-76.4905249999999,39.0145150000001,175,7d0009da008a005b0065d330c4235c0a,"US 50 West, at Ex 27 MD 2 (Gov Ritchie Hwy)",2025/05/11 04:10:00+00,70,6,0,39.014515,-76.490525
-76.685333,39.2540530000001,176,8000038f005a00f5003bc7482f1f5daa,I-695 S @ I-95,2025/05/11 04:08:27+00,65,121,1,39.254053,-76.685333
-76.52507,39.32798,177,800004aa00b7004d0057fa30c4235c0a,"I-95 SB SOUTH OF CHESACO AVE, MM 61.5",2025/05/10 22:53:15+00,70,451,3,39.32798,-76.52507
-76.583516,39.4119900000001,178,820003d1004f000c0043833033235daa,I-695 at Providence Rd,2025/05/11 04:10:00+00,65,23,3,39.41199,-76.583516
-76.583516,39.4119900000001,179,820003d1004f000c0043833033235daa,I-695 at Providence Rd,2025/05/11 04:10:00+00,70,22,3,39.41199,-76.583516
-76.925562,39.0583760000001,180,83010409004400640057fa30c4235c0a,I-95 SOUTH OF OLD GUNPOWDER RD,2025/05/11 04:07:47+00,70,160,2,39.058376,-76.925562
-76.484393,39.3295830000001,181,860006c50030002f004d823033235daa,I-695 (O/L) @Ex 36 MD-702,2025/05/11 04:10:00+00,65,12,2,39.329583,-76.484393
-76.484393,39.3295830000001,182,860006c50030002f004d823033235daa,I-695 (O/L) @Ex 36 MD-702,2025/05/11 04:10:00+00,70,4,1,39.329583,-76.484393
-76.484393,39.3295830000001,183,860006c50030002f004d823033235daa,I-695 (O/L) @Ex 36 MD-702,2025/05/11 04:10:00+00,60,6,0,39.329583,-76.484393
-76.484393,39.3295830000001,184,860006c50030002f004d823033235daa,I-695 (O/L) @Ex 36 MD-702,2025/05/11 04:10:00+00,70,0,0,39.329583,-76.484393
-76.9383559999999,39.021963,185,87ff048500a500bb003ac7482f1f5daa,I-495 WB at I-95,2025/05/11 03:52:56+00,70,0,0,39.021963,-76.938356
-76.798823,39.172443,186,88000ae5001400e7003ac7482f1f5daa,I-95 NB South of MD 175,2025/05/11 03:21:56+00,70,181,2,39.172443,-76.798823
-76.4852,39.35754,187,89000af700ab000f0057fa30c4235c0a,"I-95 AT 0.34 MILES SOUTH OF KING AVE, MM 64.5",2025/05/11 04:08:17+00,70,95,1,39.35754,-76.4852
-76.4852,39.35754,188,89000af700ab000f0057fa30c4235c0a,"I-95 AT 0.34 MILES SOUTH OF KING AVE, MM 64.5",2025/05/11 04:08:17+00,70,118,0,39.35754,-76.4852
-77.323292,39.2774610000001,189,8b010946005a002d0065d330c4235c0a,I-270 @ MD 109,2025/05/11 04:10:00+00,65,11,2,39.277461,-77.323292
-77.323292,39.2774610000001,190,8b010946005a002d0065d330c4235c0a,I-270 @ MD 109,2025/05/11 04:10:00+00,70,30,7,39.277461,-77.323292
-76.1229759999999,38.971934,191,8c0005b600e500370065d330c4235c0a,US 50 prior to Bloomingdale Rd,2025/05/11 04:10:00+00,70,3,0,38.971934,-76.122976
-76.1229759999999,38.971934,192,8c0005b600e500370065d330c4235c0a,US 50 prior to Bloomingdale Rd,2025/05/11 04:10:00+00,70,8,1,38.971934,-76.122976
-76.5607199999999,39.26606,193,8c01084f006f00f90056fa30c4235c0a,"I-895 NORTH, NORTH OF HARBOR TUNNEL, MM 10.6",2025/05/10 20:53:44+00,65,205,25,39.26606,-76.56072
-76.5607199999999,39.26606,194,8c01084f006f00f90056fa30c4235c0a,"I-895 NORTH, NORTH OF HARBOR TUNNEL, MM 10.6",2025/05/10 20:53:44+00,40,218,41,39.26606,-76.56072
-77.3462479999999,39.404138,195,8d0003d6002d00e8003bc7482f1f5daa,"I-70 WB West of Ex. 59, Md 144",2025/05/11 04:08:26+00,70,44,1,39.404138,-77.346248
-76.060197,38.802014,196,8d000c01004c00800064d330c4235c0a,"US 50 West, Near Kennedy St, T15.95 (L)",2025/05/11 04:10:00+00,60,3,0,38.802014,-76.060197
-75.19564,38.37701,197,90010560005500230063d330c4235c0a,MD 90 East past US 113,2025/05/11 04:10:00+00,70,0,0,38.37701,-75.19564
-75.19564,38.37701,198,90010560005500230063d330c4235c0a,MD 90 East past US 113,2025/05/11 04:10:00+00,70,2,0,38.37701,-75.19564
-76.6657259999999,39.5544,199,910007f1003c00a60067d330c4235c0a,I-83 SB at Cold Bottom Road,2025/05/11 04:10:00+00,70,1,0,39.5544,-76.665726
-76.6657259999999,39.5544,200,910007f1003c00a60067d330c4235c0a,I-83 SB at Cold Bottom Road,2025/05/11 04:10:00+00,70,0,0,39.5544,-76.665726
-76.7308399999999,39.21603,201,91000bf400bd00070057fa30c4235c0a,I-95 SOUTH PAST HARBOR TUNNEL THRUWAY,2025/05/11 04:08:26+00,70,166,26,39.21603,-76.73084
-77.392549,39.3506380000001,202,9201074f004e00390065d330c4235c0a,I-270 North prior to Baker Valley Rd,2025/05/11 04:10:00+00,70,15,2,39.350638,-77.392549
-77.392549,39.3506380000001,203,9201074f004e00390065d330c4235c0a,I-270 North prior to Baker Valley Rd,2025/05/11 04:10:00+00,60,14,3,39.350638,-77.392549
-76.8532539999999,39.1345440000001,204,94000bfc00b0000f0057fa30c4235c0a,I-95 NB BETWEEN MD 216 AND GORMAN RD,2025/05/10 23:19:15+00,70,475,8,39.134544,-76.853254
-76.69481,39.2209700000001,205,96012b7a000e00150057fa30c4235c0a,"I-895 NORTH, PAST I-195, MM 1.8",2025/05/11 02:09:25+00,60,18,2,39.22097,-76.69481
-76.69481,39.2209700000001,206,96012b7a000e00150057fa30c4235c0a,"I-895 NORTH, PAST I-195, MM 1.8",2025/05/11 02:09:25+00,70,18,2,39.22097,-76.69481
-77.1448609999999,39.01363,207,96ff06c4008800a6003ac7482f1f5daa,I-495 WB @ Greentree Rd,2025/05/11 04:10:00+00,70,28,3,39.01363,-77.144861
-75.068981,38.3855800000001,208,9700075200ce00c00060d330c4235c0a,"MD 90 West, West of Coastal Hwy",2025/05/11 04:10:00+00,55,5,1,38.38558,-75.068981
-75.068981,38.3855800000001,209,9700075200ce00c00060d330c4235c0a,"MD 90 West, West of Coastal Hwy",2025/05/11 04:10:00+00,45,3,0,38.38558,-75.068981
-77.310164,39.261425,210,9b00044e00140096003bc7482f1f5daa,I-270 SB @ MSP Truck Weigh Station,2025/05/11 04:08:26+00,60,72,2,39.261425,-77.310164
-76.88445,39.16754,211,9c0005ad00c400710065d330c4235c0a,US 29 at Middle Patuxent River,2025/05/11 04:10:00+00,70,6,0,39.16754,-76.88445
-76.88445,39.16754,212,9c0005ad00c400710065d330c4235c0a,US 29 at Middle Patuxent River,2025/05/11 04:10:00+00,65,9,1,39.16754,-76.88445
-76.7160509999999,38.9552210000001,213,9d01084b003f00560065d330c4235c0a,US 50 East at US 301/MD 3,2025/05/11 04:10:00+00,70,4,0,38.955221,-76.716051
-76.7160509999999,38.9552210000001,214,9d01084b003f00560065d330c4235c0a,US 50 East at US 301/MD 3,2025/05/11 04:10:00+00,70,12,1,38.955221,-76.716051
-75.881274,39.3630190000001,215,9e00054200d100d30063d330c4235c0a,MD 213 South past Sassafras Riv Brg,2025/05/11 04:10:00+00,45,5,0,39.363019,-75.881274
-75.881274,39.3630190000001,216,9e00054200d100d30063d330c4235c0a,MD 213 South past Sassafras Riv Brg,2025/05/11 04:10:00+00,70,0,0,39.363019,-75.881274
-76.71412,39.2202,217,9e00278c0010000d0057fa30c4235c0a,"I-895 SOUTH PAST LAWYERS HILL RD, MM 0.6",2025/05/11 04:07:26+00,60,7,1,39.2202,-76.71412
-76.802494,39.132709,218,9e0103760078000e003bc7482f1f5daa,MD 32 EB @ US 1,2025/05/11 04:03:16+00,70,0,0,39.132709,-76.802494
-76.5160749999999,38.993883,219,9eff06b4008300ad0064d330c4235c0a,"US 50 East, at Ex 24 MD 70 (Rowe Blvd)",2025/05/11 04:10:00+00,70,5,0,38.993883,-76.516075
-76.5160749999999,38.993883,220,9eff06b4008300ad0064d330c4235c0a,"US 50 East, at Ex 24 MD 70 (Rowe Blvd)",2025/05/11 04:10:00+00,65,10,1,38.993883,-76.516075
-76.841123,39.0516700000001,221,9f0106480046003c0058fa30c4235c0a,MD-295 NB at MD-197,2025/05/11 04:07:27+00,65,70,2,39.05167,-76.841123
-76.841123,39.0516700000001,222,9f0106480046003c0058fa30c4235c0a,MD-295 NB at MD-197,2025/05/11 04:07:27+00,70,69,1,39.05167,-76.841123
-77.3340699999999,39.2961710000001,223,a20005a4004900fe0062d330c4235c0a,I-270 North at Doctor Perry Rd,2025/05/11 04:10:00+00,65,19,3,39.296171,-77.33407
-77.3340699999999,39.2961710000001,224,a20005a4004900fe0062d330c4235c0a,I-270 North at Doctor Perry Rd,2025/05/11 04:10:00+00,70,7,2,39.296171,-77.33407
-76.51676,39.3354600000001,225,a20007c7009400720057fa30c4235c0a,"I-95 NORTH, SOUTH OF GOLDEN RING RD(NB)",2025/05/11 04:08:17+00,70,93,1,39.33546,-76.51676
-76.66214,39.38325,226,a5000d0100c200070057fa30c4235c0a,I-83 SOUTH PAST OLD PIMLICO RD,2025/05/11 04:07:26+00,60,59,16,39.38325,-76.66214
-76.66214,39.38325,227,a5000d0100c200070057fa30c4235c0a,I-83 SOUTH PAST OLD PIMLICO RD,2025/05/11 04:07:26+00,60,90,9,39.38325,-76.66214
-76.8499399999999,38.9007,228,a70018c300ea00140057fa30c4235c0a,I-95 OUTER LOOP BETWEEN CENTRAL AVE AND ARENA DR,2025/05/11 04:07:27+00,60,253,35,38.9007,-76.84994
-76.884495,38.8232820000001,229,a8013857003e000d0057fa30c4235c0a,I-95 OUTER LOOP PAST SUITLAND RD,2025/05/11 04:07:26+00,70,158,7,38.823282,-76.884495
-76.884495,38.8232820000001,230,a8013857003e000d0057fa30c4235c0a,I-95 OUTER LOOP PAST SUITLAND RD,2025/05/11 04:07:26+00,65,137,14,38.823282,-76.884495
-76.8372909999999,39.46434,231,ab000425008b0058003bc7482f1f5daa,I-795 NB @ Cockey's Mill Road,2025/05/11 04:08:16+00,65,24,1,39.46434,-76.837291
-76.477562,39.0203990000001,232,ab0008c400d800530064d330c4235c0a,"US 50 East, at Ex 28 Bay Dale Dr",2025/05/11 04:10:00+00,65,8,1,39.020399,-76.477562
-76.477562,39.0203990000001,233,ab0008c400d800530064d330c4235c0a,"US 50 East, at Ex 28 Bay Dale Dr",2025/05/11 04:10:00+00,65,4,0,39.020399,-76.477562
-76.477562,39.0203990000001,234,ab0008c400d800530064d330c4235c0a,"US 50 East, at Ex 28 Bay Dale Dr",2025/05/11 04:10:00+00,70,0,0,39.020399,-76.477562
-76.544989,38.984064,235,ab01084b005300520063d330c4235c0a,"US 50 East, Exit 23, AA8.56 (L)",2025/05/11 04:10:00+00,65,10,1,38.984064,-76.544989
-77.1966429999999,39.118722,236,abff03ac00af00af003ac7482f1f5daa,I-270 SB @ I-370,2025/05/11 04:08:27+00,70,6,13,39.118722,-77.196643
-77.1966429999999,39.118722,237,abff03ac00af00af003ac7482f1f5daa,I-270 SB @ I-370,2025/05/11 04:08:27+00,60,123,9,39.118722,-77.196643
-76.844094,39.144144,238,ac0003e3005b00cc003bc7482f1f5daa,I-95 NB @ MD Welcome Center,2025/05/11 04:08:26+00,35,17,15,39.144144,-76.844094
-76.926112,39.0586910000001,239,ac0014db00e0000f0057fa30c4235c0a,I-95 SOUTH OF OLD GUNPOWDER RD,2025/05/11 04:07:47+00,65,134,2,39.058691,-76.926112
-76.926112,39.0586910000001,240,ac0014db00e0000f0057fa30c4235c0a,I-95 SOUTH OF OLD GUNPOWDER RD,2025/05/11 04:07:47+00,65,5,0,39.058691,-76.926112
-76.4723499999999,39.3646200000001,241,ac01051a004e00710057fa30c4235c0a,"I-95 SOUTH PRIOR TO KING AVE, MM 65.4",2025/05/11 04:08:17+00,70,132,1,39.36462,-76.47235
-76.52507,39.32798,242,ad0005d600b7004d0057fa30c4235c0a,I-95 SOUTH SOUTH OF CHESACO AVE,2025/05/10 22:53:18+00,70,350,3,39.32798,-76.52507
-76.771514,39.1930530000001,243,ad0006350017008d0057fa30c4235c0a,I-95 NORTH OF MEADOWRIDGE RD,2025/05/10 19:32:05+00,30,449,26,39.193053,-76.771514
-77.346916,39.403486,244,aeff08a100bb00820051fa30c4235c0a,"I-70 EB East of Ex. 56, Md 144",2025/05/11 04:08:26+00,55,53,1,39.403486,-77.346916
-76.825866,38.9472270000001,245,b1ff05ce009400930067d330c4235c0a,US 50 AT LOTTSFORD VISTA RD,2025/05/11 04:10:00+00,70,29,3,38.947227,-76.825866
-76.825866,38.9472270000001,246,b1ff05ce009400930067d330c4235c0a,US 50 AT LOTTSFORD VISTA RD,2025/05/11 04:10:00+00,70,26,2,38.947227,-76.825866
-75.568688,38.333248,247,b20007a2002500300064d330c4235c0a,US 13 North past MD 12 (L),2025/05/11 04:10:00+00,70,1,0,38.333248,-75.568688
-75.568688,38.333248,248,b20007a2002500300064d330c4235c0a,US 13 North past MD 12 (L),2025/05/11 04:10:00+00,70,0,0,38.333248,-75.568688
-76.6566549999999,38.960581,249,b40005d9007500ad0064d330c4235c0a,"US 50 East, prior to MD 424",2025/05/11 04:10:00+00,70,5,0,38.960581,-76.656655
-76.6566549999999,38.960581,250,b40005d9007500ad0064d330c4235c0a,"US 50 East, prior to MD 424",2025/05/11 04:10:00+00,70,4,0,38.960581,-76.656655
-76.9356799999999,39.0210300000001,251,b4001fcc00f400070057fa30c4235c0a,I-95 EAST OF CHERRY HILL RD,2025/05/11 04:08:26+00,70,156,18,39.02103,-76.93568
-76.8702709999999,39.3006090000001,252,b500097700f000a7003ac7482f1f5daa,I-70 EB West of Bethany Lane,2025/05/11 04:08:27+00,40,36,1,39.300609,-76.870271
-76.853797,39.1350370000001,253,b60005e000ea00180058fa30c4235c0a,I-95 SB BETWEEN MD 216 AND GORMAN RD,2025/05/10 23:19:15+00,70,477,8,39.135037,-76.853797
-76.864583,38.8428520000001,254,b9000b1900ae00320065d330c4235c0a,I-95/495 I/L prior to EX 11 MD 4,2025/05/11 04:10:00+00,70,40,4,38.842852,-76.864583
-76.864583,38.8428520000001,255,b9000b1900ae00320065d330c4235c0a,I-95/495 I/L prior to EX 11 MD 4,2025/05/11 04:10:00+00,70,61,6,38.842852,-76.864583
-76.999025,38.7965820000001,256,b9ff06a8000100ac004f823033235daa,MD-210 SB S OF I-95/495,2025/05/11 04:07:25+00,60,141,2,38.796582,-76.999025
-76.673893,39.2596360000001,257,bd00201600ae000b0057fa30c4235c0a,I-95 NORTH PRIOR TO JOH AVENUE,2025/05/11 04:08:28+00,50,21,1,39.259636,-76.673893
-76.673893,39.2596360000001,258,bd00201600ae000b0057fa30c4235c0a,I-95 NORTH PRIOR TO JOH AVENUE,2025/05/11 04:08:28+00,60,135,2,39.259636,-76.673893
-76.673893,39.2596360000001,259,bd00201600ae000b0057fa30c4235c0a,I-95 NORTH PRIOR TO JOH AVENUE,2025/05/11 04:08:28+00,70,137,2,39.259636,-76.673893
-76.673893,39.2596360000001,260,bd00201600ae000b0057fa30c4235c0a,I-95 NORTH PRIOR TO JOH AVENUE,2025/05/11 04:08:28+00,70,26,1,39.259636,-76.673893
-76.74431,39.3290400000001,261,be0133770039000d0057fa30c4235c0a,I-695 INNER LOOP PRIOR TO WINDSOR MILL RD,2025/05/11 04:08:27+00,60,159,16,39.32904,-76.74431
-76.74431,39.3290400000001,262,be0133770039000d0057fa30c4235c0a,I-695 INNER LOOP PRIOR TO WINDSOR MILL RD,2025/05/11 04:08:27+00,55,184,4,39.32904,-76.74431
-76.738437,39.212181,263,beff078700ff0093003ac7482f1f5daa,I-95 SB @ Montgomery Rd,2025/05/11 04:08:27+00,70,139,1,39.212181,-76.738437
-76.455,39.027589,264,c0010762003100730063d330c4235c0a,"US 50 East, Exit 29B, AA14.45",2025/05/11 04:10:00+00,70,12,1,39.027589,-76.455
-76.824259,39.1578000000001,265,c30003f600d4006a003cc7302f235daa,I-95 NB @ MD 32,2025/05/11 04:10:00+00,50,6,3,39.1578,-76.824259
-76.824259,39.1578000000001,266,c30003f600d4006a003cc7302f235daa,I-95 NB @ MD 32,2025/05/11 04:10:00+00,70,21,2,39.1578,-76.824259
-76.824259,39.1578000000001,267,c30003f600d4006a003cc7302f235daa,I-95 NB @ MD 32,2025/05/11 04:10:00+00,70,4,1,39.1578,-76.824259
-76.938553,39.021623,268,c3ff05bf00a600bb003ac7482f1f5daa,I-495 EB at I-95,2025/05/11 04:08:26+00,70,141,1,39.021623,-76.938553
-76.6851609999999,39.2542240000001,269,c50004d3005a00f5003bc7482f1f5daa,I-695 N @ I-95,2025/05/11 04:08:27+00,70,98,1,39.254224,-76.685161
-76.8663089999999,39.124156,270,c600111700c900070057fa30c4235c0a,I-95 SOUTH OF SCAGGSVILLE RD,2025/05/11 04:07:25+00,70,142,13,39.124156,-76.866309
-76.8663089999999,39.124156,271,c600111700c900070057fa30c4235c0a,I-95 SOUTH OF SCAGGSVILLE RD,2025/05/11 04:07:25+00,70,4,0,39.124156,-76.866309
-76.9190619999999,38.93343,272,c700043a00540089005cd330c4235c0a,MD 295 AT MD 202,2025/05/11 04:07:16+00,50,10,0,38.93343,-76.919062
-76.9190619999999,38.93343,273,c700043a00540089005cd330c4235c0a,MD 295 AT MD 202,2025/05/11 04:07:16+00,70,193,3,38.93343,-76.919062
-76.9190619999999,38.93343,274,c700043a00540089005cd330c4235c0a,MD 295 AT MD 202,2025/05/11 04:07:16+00,60,134,3,38.93343,-76.919062
-76.880909,38.9948210000001,275,c700045e00c400d20058fa30c4235c0a,MD 295 NORTH AT GREENBELT RD,2025/05/11 04:07:16+00,70,39,2,38.994821,-76.880909
-76.880909,38.9948210000001,276,c700045e00c400d20058fa30c4235c0a,MD 295 NORTH AT GREENBELT RD,2025/05/11 04:07:16+00,70,185,6,38.994821,-76.880909
-76.880909,38.9948210000001,277,c700045e00c400d20058fa30c4235c0a,MD 295 NORTH AT GREENBELT RD,2025/05/11 04:07:16+00,70,164,4,38.994821,-76.880909
-77.371237,39.329079,278,c700059d0045002c0064d330c4235c0a,I-270 South past Park Mills Rd,2025/05/11 04:10:00+00,70,10,1,39.329079,-77.371237
-77.371237,39.329079,279,c700059d0045002c0064d330c4235c0a,I-270 South past Park Mills Rd,2025/05/11 04:10:00+00,70,33,6,39.329079,-77.371237
-76.86806,38.9680900000001,280,c70029ab0018000d0057fa30c4235c0a,I-95 OUTER LOOP NORTH OF ANNAPOLIS RD,2025/05/11 04:07:45+00,65,229,16,38.96809,-76.86806
-76.86806,38.9680900000001,281,c70029ab0018000d0057fa30c4235c0a,I-95 OUTER LOOP NORTH OF ANNAPOLIS RD,2025/05/11 04:07:45+00,65,219,15,38.96809,-76.86806
-77.195727,39.118924,282,c7ff089d00dd00a7003ac7482f1f5daa,I-270 NB @ I-370,2025/05/11 04:08:26+00,70,12,0,39.118924,-77.195727
-77.195727,39.118924,283,c7ff089d00dd00a7003ac7482f1f5daa,I-270 NB @ I-370,2025/05/11 04:08:26+00,65,193,3,39.118924,-77.195727
-76.995989,38.8043510000001,284,c9000649009000220051fa30c4235c0a,I-95/495 at MD-210 NB Local Lanes,2025/05/11 04:10:00+00,65,15,3,38.804351,-76.995989
-76.995989,38.8043510000001,285,c9000649009000220051fa30c4235c0a,I-95/495 at MD-210 NB Local Lanes,2025/05/11 04:10:00+00,70,5,1,38.804351,-76.995989
-76.7473899999999,39.36346,286,ca0016fa00e500070057fa30c4235c0a,I-695 OUTER LOOP PAST OLD COURT RD,2025/05/11 03:58:06+00,65,59,2,39.36346,-76.74739
-76.7473899999999,39.36346,287,ca0016fa00e500070057fa30c4235c0a,I-695 OUTER LOOP PAST OLD COURT RD,2025/05/11 03:58:06+00,65,177,5,39.36346,-76.74739
-76.63945,39.2706000000001,288,d0000490001700570057fa30c4235c0a,"I-95 SOUTH BETWEEN BALTIMORE WASHINGTON PKWY AND WASHINGTON BLVD (SB), MM 51.8",2025/05/10 20:07:14+00,70,411,8,39.2706,-76.63945
-76.830541,39.451125,289,d10007f9004300da0064d330c4235c0a,I-795 at Berrymans Ln,2025/05/11 04:10:00+00,70,8,1,39.451125,-76.830541
-76.830541,39.451125,290,d10007f9004300da0064d330c4235c0a,I-795 at Berrymans Ln,2025/05/11 04:10:00+00,65,1,0,39.451125,-76.830541
-76.673118,39.5928060000001,291,d3ff0a9300f100a7003ac7482f1f5daa,I-83 South at MD 137 (Mt Carmel Road),2025/05/11 04:08:27+00,65,24,0,39.592806,-76.673118
-76.673118,39.5928060000001,292,d3ff0a9300f100a7003ac7482f1f5daa,I-83 South at MD 137 (Mt Carmel Road),2025/05/11 04:08:27+00,70,37,1,39.592806,-76.673118
-77.452455,39.4026840000001,293,d4000b4e000e00b60067d330c4235c0a,I-70 EB West of MD 180,2025/05/11 04:10:00+00,70,5,1,39.402684,-77.452455
-77.452455,39.4026840000001,294,d4000b4e000e00b60067d330c4235c0a,I-70 EB West of MD 180,2025/05/11 04:10:00+00,70,8,1,39.402684,-77.452455
-76.6637699999999,39.4002400000001,295,d6003689003c000d0057fa30c4235c0a,I-83 SOUTH PAST RUXTON RD,2025/05/10 23:07:54+00,65,245,22,39.40024,-76.66377
-76.6637699999999,39.4002400000001,296,d6003689003c000d0057fa30c4235c0a,I-83 SOUTH PAST RUXTON RD,2025/05/10 23:07:54+00,65,173,36,39.40024,-76.66377
-77.46415,39.3829400000001,297,d8010965007d00390064d330c4235c0a,US 15 South prior to Mt Zion Rd,2025/05/11 04:10:00+00,70,12,2,39.38294,-77.46415
-77.46415,39.3829400000001,298,d8010965007d00390064d330c4235c0a,US 15 South prior to Mt Zion Rd,2025/05/11 04:10:00+00,70,6,1,39.38294,-77.46415
-76.8583599999999,38.85283,299,da00170700e700070057fa30c4235c0a,I-95 INNER LOOP PAST D ARCY RD,2025/05/11 04:08:26+00,65,6,0,38.85283,-76.85836
-76.8583599999999,38.85283,300,da00170700e700070057fa30c4235c0a,I-95 INNER LOOP PAST D ARCY RD,2025/05/11 04:08:26+00,70,0,0,38.85283,-76.85836
-76.650002,39.4569260000001,301,dc000614000a00030065d330c4235c0a,"I-83 North, past Ex. 17 Padonia Rd",2025/05/11 04:10:00+00,70,0,0,39.456926,-76.650002
-76.650002,39.4569260000001,302,dc000614000a00030065d330c4235c0a,"I-83 North, past Ex. 17 Padonia Rd",2025/05/11 04:10:00+00,70,9,1,39.456926,-76.650002
-76.650002,39.4569260000001,303,dc000614000a00030065d330c4235c0a,"I-83 North, past Ex. 17 Padonia Rd",2025/05/11 04:10:00+00,70,3,0,39.456926,-76.650002
-76.650002,39.4569260000001,304,dc000614000a00030065d330c4235c0a,"I-83 North, past Ex. 17 Padonia Rd",2025/05/11 04:10:00+00,70,0,0,39.456926,-76.650002
-76.6676679999999,39.49758,305,dc00065b002400a60061d330c4235c0a,I-83 South at Ex 20 Shawan Rd,2025/05/11 04:08:00+00,70,3,0,39.49758,-76.667668
-76.6676679999999,39.49758,306,dc00065b002400a60061d330c4235c0a,I-83 South at Ex 20 Shawan Rd,2025/05/11 04:08:00+00,65,8,1,39.49758,-76.667668
-76.8770509999999,39.1117110000001,307,df0005450068008e003bc7482f1f5daa,I-95 N @ Brooklyn Bridge Rd,2025/05/04 07:20:00+00,70,49,1,39.111711,-76.877051
-76.868192,38.8376690000001,308,e3001cf200f300140057fa30c4235c0a,I-95 OUTER LOOP PRIOR TO MD 4,2025/05/10 20:44:14+00,55,490,39,38.837669,-76.868192
-76.868192,38.8376690000001,309,e3001cf200f300140057fa30c4235c0a,I-95 OUTER LOOP PRIOR TO MD 4,2025/05/10 20:44:14+00,55,504,85,38.837669,-76.868192
-76.996764,38.804853,310,e40004bb003b00220051fa30c4235c0a,I-95/495 at MD-210 SB,2025/05/11 04:10:00+00,70,11,2,38.804853,-76.996764
-76.996764,38.804853,311,e40004bb003b00220051fa30c4235c0a,I-95/495 at MD-210 SB,2025/05/11 04:10:00+00,70,11,3,38.804853,-76.996764
-76.877931,39.1122070000001,312,e5ff04b40002008c003bc7482f1f5daa,I-95 S @ Brooklyn Bridge Rd,2025/05/03 17:27:35+00,70,0,0,39.112207,-76.877931
-76.802494,39.132709,313,e70004be0078000e003bc7482f1f5daa,MD 32 WB @ US 1,2025/05/11 04:03:16+00,70,54,1,39.132709,-76.802494
-76.299528,38.974633,314,e9ff08c800d000960063d330c4235c0a,"US 50 West, Between MD 8 and Cox Neck, QA14.59 (L)",2025/05/11 04:10:00+00,70,12,1,38.974633,-76.299528
-76.929046,39.112041,315,ef0007360008004f004c823033235daa,US 29 NB @ MD 198,2025/05/11 04:10:00+00,60,6,1,39.112041,-76.929046
-76.441019,39.0261330000001,316,f100088f003400730063d330c4235c0a,"US 50 East, Exit 30,AA15.22",2025/05/11 04:10:00+00,70,5,0,39.026133,-76.441019
-76.59316,39.414381,317,f200399f003f000d0057fa30c4235c0a,I-695 OUTER LOOP PRIOR TO DULANEY VALLEY RD,2025/05/11 00:31:36+00,65,312,54,39.414381,-76.59316
-76.59316,39.414381,318,f200399f003f000d0057fa30c4235c0a,I-695 OUTER LOOP PRIOR TO DULANEY VALLEY RD,2025/05/11 00:31:36+00,65,314,38,39.414381,-76.59316
-76.745193,39.3488310000001,319,f2ffa1ce0194003e0060d330c4235c0a,I-695 Inner Loop at Ex 18 MD 26 Liberty Rd,2025/05/11 04:10:00+00,45,8,5,39.348831,-76.745193
-76.745193,39.3488310000001,320,f2ffa1ce0194003e0060d330c4235c0a,I-695 Inner Loop at Ex 18 MD 26 Liberty Rd,2025/05/11 04:10:00+00,60,6,2,39.348831,-76.745193
-76.745193,39.3488310000001,321,f2ffa1ce0194003e0060d330c4235c0a,I-695 Inner Loop at Ex 18 MD 26 Liberty Rd,2025/05/11 04:10:00+00,70,39,4,39.348831,-76.745193
-76.745193,39.3488310000001,322,f2ffa1ce0194003e0060d330c4235c0a,I-695 Inner Loop at Ex 18 MD 26 Liberty Rd,2025/05/11 04:10:00+00,70,22,2,39.348831,-76.745193
-76.745193,39.3488310000001,323,f2ffa1ce0194003e0060d330c4235c0a,I-695 Inner Loop at Ex 18 MD 26 Liberty Rd,2025/05/11 04:10:00+00,60,6,2,39.348831,-76.745193
-76.318178,38.9782690000001,324,f400071500a7007d0064d330c4235c0a,"US 50 West, Prior to Exit 37, QA15.63",2025/05/11 04:10:00+00,70,14,1,38.978269,-76.318178
-77.254041,39.184111,325,f5000667009200440062d330c4235c0a,I-270 North prior to MD 118,2025/05/11 04:10:00+00,65,20,3,39.184111,-77.254041
-77.254041,39.184111,326,f5000667009200440062d330c4235c0a,I-270 North prior to MD 118,2025/05/11 04:10:00+00,45,3,1,39.184111,-77.254041
-77.254041,39.184111,327,f5000667009200440062d330c4235c0a,I-270 North prior to MD 118,2025/05/11 04:10:00+00,60,14,2,39.184111,-77.254041
-77.254041,39.184111,328,f5000667009200440062d330c4235c0a,I-270 North prior to MD 118,2025/05/11 04:10:00+00,70,0,0,39.184111,-77.254041
-76.411781,39.018609,329,f60005c6002200550064d330c4235c0a,"US 50 East, prior to Oceanic Dr",2025/05/11 04:10:00+00,60,5,1,39.018609,-76.411781
-76.411781,39.018609,330,f60005c6002200550064d330c4235c0a,"US 50 East, prior to Oceanic Dr",2025/05/11 04:10:00+00,65,20,3,39.018609,-76.411781
-76.981543,38.807018,331,f600190f00ec00140057fa30c4235c0a,I-95 INNER LOOP BETWEEN MD 414 AND MD 210,2025/05/11 04:08:17+00,65,276,41,38.807018,-76.981543
-76.981543,38.807018,332,f600190f00ec00140057fa30c4235c0a,I-95 INNER LOOP BETWEEN MD 414 AND MD 210,2025/05/11 04:08:17+00,70,143,34,38.807018,-76.981543
-77.21673,39.149213,333,fc0006b9005d002c0064d330c4235c0a,I-270 NB/SB @ MD 124,2025/05/11 04:10:00+00,65,5,1,39.149213,-77.21673
-77.21673,39.149213,334,fc0006b9005d002c0064d330c4235c0a,I-270 NB/SB @ MD 124,2025/05/11 04:10:00+00,70,29,4,39.149213,-77.21673
-77.21673,39.149213,335,fc0006b9005d002c0064d330c4235c0a,I-270 NB/SB @ MD 124,2025/05/11 04:10:00+00,70,15,6,39.149213,-77.21673
-77.21673,39.149213,336,fc0006b9005d002c0064d330c4235c0a,I-270 NB/SB @ MD 124,2025/05/11 04:10:00+00,65,16,2,39.149213,-77.21673
-77.21673,39.149213,337,fc0006b9005d002c0064d330c4235c0a,I-270 NB/SB @ MD 124,2025/05/11 04:10:00+00,50,4,1,39.149213,-77.21673
-77.1100299999999,39.0175400000001,338,fc0035b1003b000d0057fa30c4235c0a,I-495 OUTER LOOP PRIOR TO OLD GEORGETOWN RD,2025/05/11 04:07:27+00,60,92,17,39.01754,-77.11003
-77.1100299999999,39.0175400000001,339,fc0035b1003b000d0057fa30c4235c0a,I-495 OUTER LOOP PRIOR TO OLD GEORGETOWN RD,2025/05/11 04:07:27+00,50,102,1,39.01754,-77.11003
-76.627944,39.0527750000001,340,fe0005dc00f900710063d330c4235c0a,"I-97 South, Exit 5, AA11.44 (L)",2025/05/11 04:10:00+00,70,10,1,39.052775,-76.627944
